Product,Total_Revenue,Avg_Order_Value,Num_Orders,Total_Units,Avg_Rating
Cheese,27906.3,1073.32,26,126,3.98
Coffee,27694.87,1153.95,24,153,3.86
Shampoo,27497.48,1018.43,27,152,3.92
Cooking Oil,21525.06,827.89,26,142,3.97
Tea,17681.59,609.71,29,146,4.02
Apples,17057.41,852.87,20,119,3.86
Face Wash,11946.85,628.78,19,100,3.9
Rice,11754.17,405.32,29,167,3.84
Cold Drink,10731.78,370.06,29,166,3.98
Eggs,10429.77,521.49,20,117,4.03
Chocolate,7250.65,315.25,23,145,4.23
Noodles,7191.24,266.34,27,130,4.02
Potato,6799.38,251.83,27,194,3.98
Bread,6516.1,232.72,28,164,4.24
Soap,6499.63,240.73,27,147,4.03
Bananas,6205.76,258.57,24,104,3.8
Chips,5833.45,224.36,26,168,4.08
Milk,5655.93,257.09,22,102,4.1
Tomato,4324.79,205.94,21,96,3.99
Biscuits,3908.87,150.34,26,130,4.03
