Loan_ID,Loan_Status,Approval_Probability
LP001015,Y,0.8257727758804125
LP001022,Y,0.8446682246328543
LP001031,Y,0.8375340129708155
LP001035,Y,0.850856689349697
LP001051,Y,0.7828868998777413
LP001054,Y,0.8200191616485266
LP001055,Y,0.7990349756100693
LP001056,N,0.06198464487932968
LP001059,Y,0.8744106702669201
LP001067,Y,0.8556748504416973
LP001078,Y,0.7632527577823475
LP001082,Y,0.699591552515861
LP001083,Y,0.80035990699712
LP001094,N,0.08942327005093072
LP001096,Y,0.8478331128393062
LP001099,Y,0.8242562826452515
LP001105,Y,0.8512230302492433
LP001107,Y,0.8647241651580366
LP001108,Y,0.6092614503142391
LP001115,Y,0.8142182387711578
LP001121,Y,0.8065097059146075
LP001124,Y,0.7467430462989819
LP001128,Y,0.8192473518374574
LP001135,Y,0.7775995729329033
LP001149,Y,0.831142216144194
LP001153,Y,0.4769601355569011
LP001163,Y,0.8469261589961392
LP001169,Y,0.8064686597595886
LP001174,Y,0.8247791197445977
LP001176,Y,0.8299271314071351
LP001177,Y,0.8368104693553022
LP001183,Y,0.8453793454035623
LP001185,Y,0.8336793977483354
LP001187,Y,0.8394190284653017
LP001190,Y,0.8429364810172262
LP001203,N,0.07846480784276133
LP001208,Y,0.861333805493793
LP001210,Y,0.8248303103317498
LP001211,Y,0.8279669658015247
LP001219,Y,0.8306030264668168
LP001220,Y,0.82043759839397
LP001221,Y,0.8121842870294381
LP001226,Y,0.8709383154870538
LP001230,Y,0.7908348666602076
LP001231,Y,0.8338943091733986
LP001232,Y,0.8124407235513912
LP001237,Y,0.8223882017694758
LP001242,Y,0.8578635221174297
LP001268,Y,0.7835667918914467
LP001270,Y,0.8261423110270583
LP001284,Y,0.8311383807316767
LP001287,Y,0.8617198892619256
LP001291,Y,0.8514901238144869
LP001298,Y,0.8650817359371914
LP001312,Y,0.8024497823967867
LP001313,N,0.05105663554867245
LP001317,Y,0.8186558506101532
LP001321,Y,0.8520749329778582
LP001323,N,0.07582400523294681
LP001324,Y,0.8436310713239561
LP001332,Y,0.8659521610768758
LP001335,Y,0.8306947651364555
LP001338,Y,0.7720096609628688
LP001347,N,0.06849181214287323
LP001348,Y,0.793468621157936
LP001351,Y,0.8546410755905597
LP001352,N,0.05620293080843297
LP001358,N,0.061981179367331815
LP001359,Y,0.8419835879347621
LP001361,N,0.07715055567074411
LP001366,Y,0.8512197391581959
LP001368,Y,0.8368916733168691
LP001375,Y,0.7625575824270275
LP001380,Y,0.7649930780570644
LP001386,Y,0.8312161815527696
LP001400,Y,0.8310246728607725
LP001407,Y,0.8202045617196283
LP001413,Y,0.814527972677623
LP001415,Y,0.8503095498672548
LP001419,Y,0.8302942118075217
LP001420,N,0.06266659774697123
LP001428,N,0.27989464089348787
LP001445,N,0.09286946333667552
LP001446,Y,0.8145021462552328
LP001450,N,0.09500657602981595
LP001452,Y,0.7533925139032915
LP001455,Y,0.8427846142764018
LP001466,Y,0.8280021517504736
LP001471,Y,0.8476844006350497
LP001472,Y,0.7430533945371012
LP001475,Y,0.8434149151077238
LP001483,Y,0.8181557447924781
LP001486,Y,0.8498668818838425
LP001490,Y,0.837855044504215
LP001496,N,0.0619460032789025
LP001499,Y,0.8130255507723825
LP001500,Y,0.8271916889040529
LP001501,Y,0.8502636490773442
LP001517,Y,0.8296936373730286
LP001527,Y,0.7476250152309969
LP001534,Y,0.8296999467183996
LP001542,N,0.08863110362775103
LP001547,Y,0.8092211921964584
LP001548,Y,0.7503935095338674
LP001558,Y,0.8341908866270629
LP001561,Y,0.7329739561168699
LP001563,N,0.054580115177907465
LP001567,Y,0.8304163596866281
LP001568,Y,0.8413415081935214
LP001573,Y,0.8229663298839129
LP001584,Y,0.838542851820678
LP001587,Y,0.8526545884206498
LP001589,Y,0.8126640401493002
LP001591,Y,0.8496756285988911
LP001599,Y,0.8317290408289335
LP001601,Y,0.6947609319728834
LP001607,Y,0.4690887895908521
LP001611,N,0.0899079802722526
LP001613,N,0.07156666512175797
LP001622,N,0.08521468472785941
LP001627,Y,0.8151044384652779
LP001650,Y,0.8479179953419227
LP001651,Y,0.845276357272256
LP001652,N,0.123764710233699
LP001655,N,0.08404149183761113
LP001660,Y,0.8469205504253693
LP001662,N,0.08790640815326045
LP001663,Y,0.8288445495928942
LP001667,Y,0.8717833781094079
LP001695,Y,0.8313644216898972
LP001703,Y,0.8417408182116453
LP001718,Y,0.7222398565471851
LP001728,Y,0.8186723019650369
LP001735,Y,0.8096137760455562
LP001737,Y,0.8335996581007086
LP001739,Y,0.8141739618912328
LP001742,Y,0.7937300414782729
LP001757,Y,0.8343168904649693
LP001769,Y,0.8515562443916014
LP001771,Y,0.834820097816009
LP001785,N,0.06762123598125874
LP001787,Y,0.8159359108208584
LP001789,N,0.05994506584699703
LP001791,Y,0.6420401234104661
LP001794,Y,0.47701087771552597
LP001797,Y,0.8174298075118853
LP001815,Y,0.8312229195783583
LP001817,N,0.07108009126634618
LP001818,Y,0.8607573237854935
LP001822,Y,0.8292673131117003
LP001827,Y,0.8341257495903672
LP001831,Y,0.8416197456368962
LP001842,Y,0.8310517638104404
LP001853,N,0.057211885045661
LP001855,Y,0.7979286256558624
LP001857,Y,0.8052302222734607
LP001862,Y,0.8537832933503168
LP001867,Y,0.8321119229060799
LP001878,Y,0.8072830438788637
LP001881,Y,0.8017412097388604
LP001886,Y,0.8117168982530475
LP001906,N,0.06307266348513035
LP001909,Y,0.8282051358631154
LP001911,Y,0.8222559911673818
LP001921,Y,0.7605337912886457
LP001923,N,0.1468324320353198
LP001933,N,0.06462497940828194
LP001943,Y,0.8403674933563308
LP001950,N,0.10268972481632892
LP001959,Y,0.7931797661475004
LP001961,Y,0.8311668813819729
LP001973,Y,0.7936946209743232
LP001975,Y,0.82765243537886
LP001979,N,0.07913721436020255
LP001995,N,0.055843081468014415
LP001999,Y,0.8391270746198976
LP002007,Y,0.8363397273474819
LP002009,Y,0.8585862387229904
LP002016,Y,0.8227565972948784
LP002017,Y,0.6899305414449279
LP002018,Y,0.8574008106969704
LP002027,Y,0.8467478274407081
LP002028,Y,0.8107858087093165
LP002042,Y,0.8034446795777649
LP002045,Y,0.8290280517363722
LP002046,Y,0.8180351173841308
LP002047,Y,0.8511926805090052
LP002056,Y,0.8466591849828566
LP002057,Y,0.7810722330438388
LP002059,Y,0.8011014556497269
LP002062,Y,0.7158358387449696
LP002064,Y,0.8244484447741057
LP002069,N,0.06467393860498719
LP002070,N,0.06610567226939165
LP002077,Y,0.7667402875742722
LP002083,Y,0.8279669658015247
LP002090,N,0.061224285062703505
LP002096,Y,0.8123961960913114
LP002099,N,0.05558790108690462
LP002102,Y,0.8326123713363389
LP002105,Y,0.7068796034921262
LP002107,Y,0.828185644035582
LP002111,Y,0.8641906130208505
LP002117,Y,0.8439373086287096
LP002118,Y,0.8713563516281286
LP002123,Y,0.8651618783747902
LP002125,Y,0.8437457284259913
LP002148,Y,0.8405964820964815
LP002152,Y,0.8330725072735939
LP002165,Y,0.8142109029415076
LP002167,Y,0.8167455918161062
LP002168,N,0.05581778667634972
LP002172,Y,0.8496121829502443
LP002176,Y,0.8367887815124228
LP002183,Y,0.815512338271868
LP002184,Y,0.8214382364288907
LP002186,Y,0.5465628912977419
LP002192,Y,0.7837284412498718
LP002195,Y,0.8139055828179237
LP002208,Y,0.840698800856957
LP002212,Y,0.8640551512415218
LP002240,Y,0.8269376824350763
LP002245,Y,0.6362037005400949
LP002253,Y,0.839740995778217
LP002256,N,0.08855636069670052
LP002257,Y,0.8045423830298596
LP002264,Y,0.8427244829156899
LP002270,Y,0.7998267433925218
LP002279,Y,0.8444789318280864
LP002286,N,0.054183416844849355
LP002294,Y,0.6779056885687667
LP002298,Y,0.8207329144546915
LP002306,Y,0.8250924390631189
LP002310,Y,0.787847599947828
LP002311,Y,0.8432994672187114
LP002316,N,0.06022369458740448
LP002321,N,0.14204694201341259
LP002325,Y,0.6962592024422892
LP002326,Y,0.8641212161430372
LP002329,Y,0.6093984284449602
LP002333,Y,0.7878117566645293
LP002339,N,0.056437901307052146
LP002344,Y,0.8657881445517845
LP002346,N,0.05538133417540647
LP002354,Y,0.825209263242557
LP002355,N,0.07636707006175031
LP002358,Y,0.8447307898779669
LP002360,Y,0.8401911743974181
LP002375,Y,0.8170505879711168
LP002376,Y,0.8611975357922719
LP002383,N,0.10025971592033155
LP002385,Y,0.8747480876824227
LP002389,Y,0.828811896277609
LP002394,Y,0.8438910017779834
LP002397,Y,0.8317829285882151
LP002399,N,0.06100314952059678
LP002400,Y,0.8174408824324095
LP002402,Y,0.8425771808785563
LP002412,Y,0.843538471492628
LP002415,Y,0.7205389738928805
LP002417,Y,0.8327529669067933
LP002420,Y,0.8667723539773217
LP002425,Y,0.8323161402358377
LP002433,Y,0.7308068703061465
LP002440,Y,0.6026402251597895
LP002441,Y,0.7671792035349626
LP002442,N,0.09116313218912735
LP002445,Y,0.7898416761006868
LP002450,N,0.14471801678019916
LP002471,Y,0.8220898960588288
LP002476,Y,0.8379666143477621
LP002482,Y,0.791281553962176
LP002485,Y,0.6237585026569894
LP002495,N,0.0613629501166202
LP002496,N,0.06675653992666422
LP002523,Y,0.8729473777304593
LP002542,Y,0.8332555746864735
LP002550,Y,0.8641039876871826
LP002551,N,0.07853334763165494
LP002553,Y,0.6173673735431308
LP002554,Y,0.8478051487775543
LP002561,Y,0.8283181460186505
LP002566,Y,0.8242029323953993
LP002568,Y,0.792661051644782
LP002570,Y,0.4787409589156588
LP002572,Y,0.8249962489585553
LP002581,Y,0.8450978451243044
LP002584,Y,0.8432053973125346
LP002592,Y,0.8213399590399635
LP002593,Y,0.8325619159478945
LP002599,Y,0.8498306627969937
LP002604,Y,0.846477594323645
LP002605,Y,0.799055693347185
LP002609,N,0.06275213926499776
LP002610,Y,0.818240534572096
LP002612,Y,0.747652886396358
LP002614,Y,0.8248320043905029
LP002630,Y,0.8066177782598808
LP002635,Y,0.8262169127921919
LP002639,Y,0.7985074437705209
LP002644,Y,0.8076282874844836
LP002651,N,0.049380244218227114
LP002654,Y,0.7635360147792184
LP002657,Y,0.7671995754407236
LP002711,Y,0.8711076558647063
LP002712,Y,0.5771256880748168
LP002721,Y,0.8398119815873639
LP002735,Y,0.7737791007692343
LP002744,Y,0.8288293724338538
LP002745,Y,0.839469695506241
LP002746,Y,0.8246421907466768
LP002747,N,0.11695592025940446
LP002754,Y,0.7889894937408916
LP002759,Y,0.8158065199611824
LP002760,Y,0.8015670013995391
LP002766,Y,0.8300072341063953
LP002769,Y,0.8152395417552971
LP002774,N,0.08403562756128809
LP002775,Y,0.8198264858219244
LP002781,Y,0.831667426571431
LP002782,Y,0.7960764716389742
LP002786,N,0.3710925210784347
LP002790,Y,0.8042213664705758
LP002791,Y,0.8053424560489528
LP002793,Y,0.812804065062896
LP002802,Y,0.47704800867174085
LP002803,Y,0.8141659254102639
LP002805,Y,0.8436597741822905
LP002806,Y,0.8312381639509094
LP002816,Y,0.7902248743119454
LP002823,Y,0.8295012721558361
LP002825,Y,0.8315494163407533
LP002826,Y,0.8291466551678933
LP002843,Y,0.8463748262835273
LP002849,Y,0.843951889943312
LP002850,Y,0.7638026687351913
LP002853,Y,0.8443893084050468
LP002856,Y,0.8249094322966545
LP002857,Y,0.7681993820473553
LP002858,N,0.061515526995078874
LP002860,Y,0.7569196701613075
LP002867,Y,0.8203699694620117
LP002869,Y,0.7351321725387505
LP002870,Y,0.8070624091424596
LP002876,Y,0.8296993124959597
LP002878,Y,0.8287826049804791
LP002879,N,0.05134669086856095
LP002885,Y,0.7702303619779498
LP002890,Y,0.8239653008354093
LP002891,Y,0.4854416314346284
LP002899,Y,0.8347958459965125
LP002901,Y,0.7350828261673445
LP002907,Y,0.8214074926096915
LP002920,Y,0.8183225761173908
LP002921,N,0.091586242573991
LP002932,Y,0.8390946252052864
LP002935,Y,0.8222261892212669
LP002952,Y,0.7917697006189378
LP002954,Y,0.8268551063638784
LP002962,Y,0.8351269690029114
LP002965,Y,0.7421255024485526
LP002969,Y,0.8655227358389963
LP002971,Y,0.8224639206388472
LP002975,Y,0.8411612100135558
LP002980,Y,0.8048528259117276
LP002986,Y,0.8261414217122565
LP002989,Y,0.8127125863322228
